"Model","Nugget","Sill","Range","sill.ratio","ME","rmse","r2"
"Gau",0.087193576384232,0.217275370690477,17604.2697702189,59.8695535038599,-0.000439528681849103,0.00504994723221877,0.9996704308688
