"Model","Nugget","Sill","Range","sill.ratio","ME","rmse","r2"
"Sph",318.388779404235,2112.53898803744,40431.4815347169,84.9286199588666,-0.0747135071003813,0.858417855243542,0.999303312313553
