"Model","Nugget","Sill","Range","sill.ratio","ME","rmse","r2"
"Exp",0.870144263836123,8.68507287853964,27657.1145111152,89.9811518451825,-0.00379569972347909,0.0436105403458003,0.999423175964185
