"Model","Nugget","Sill","Range","sill.ratio","ME","rmse","r2"
"Sph",7.18340778654743,118.930764533444,26720.8921909966,93.9600087372453,-0.0436494764217469,0.501508915678625,0.996644037704408
