"Model","Nugget","Sill","Range","sill.ratio","ME","rmse","r2"
"Lin",0.336278548000221,3.71131116624903,40527.7125571734,90.9390904471076,-0.00109845058974488,0.532267005996482,0.99990823582345
