"Model","Nugget","Sill","Range","sill.ratio","ME","rmse","r2"
"Gau",0.628723521991244,3.31767464522774,19213.171363005,91.7471668611639,-0.00252926859869421,0.0290599305278073,0.999456501553388
