"Model","Nugget","Sill","Range","sill.ratio","ME","rmse","r2"
"Sph",30998.3686354994,321712.547099906,42195.2671524169,90.3645757944675,-1.16202815609164,12.9402255822028,0.999025797085793
