"Model","Nugget","Sill","Range","sill.ratio","ME","rmse","r2"
"Sph",30998.3686354994,321712.547099906,42195.2671524169,90.3645757944675,0.529580159326928,135.962935315336,0.99979717061439
